id;titre;description;type_media;url;date_publication
1;near joyful;advocate monthly expatiate;IMAGE;https://dismal-information.biz/;2025-05-01T16:31:23
2;creamy;boohoo hoick;AUDIO;https://tender-guacamole.net/;2025-05-01T08:38:41
3;madly so phrase;during;AUDIO;https://best-airline.com;2025-05-01T15:38:48
4;pleasing finger;swath;AUDIO;https://finished-equal.biz;2025-04-30T20:55:20
5;whereas live;however;VIDEO;https://marvelous-warming.info/;2025-05-01T05:35:04
6;ick injunction unfortunately;intrepid midst;AUDIO;https://honored-skyline.biz;2025-05-01T09:38:11
7;arrogantly;unnecessarily pace beyond;IMAGE;https://little-dress.biz;2025-04-30T21:03:58
8;mainstream pocket-watch;vivid wherever positively;AUDIO;https://lustrous-deduction.com/;2025-05-01T10:59:30
9;flawless heartache;knife via boo;AUDIO;https://unwilling-adult.name;2025-05-01T04:54:52
10;reassuringly vice amidst;apropos father;TEXTE;https://all-thigh.biz;2025-05-01T09:04:47
