id;moyen_paiement;preuve;date
1;instead;recklessly pilot;2025-04-30T17:40:52
2;when times elliptical;embody ick censor;2025-05-01T09:52:37
3;before step-mother pfft;instead tiny;2025-05-01T00:55:16
4;modulo remand;lest ligate;2025-04-30T18:11:50
5;roadway per;loosely quiet;2025-05-01T09:00:03
6;likewise reboot;glorious;2025-04-30T22:40:41
7;or gee;tail tiny;2025-04-30T17:21:03
8;pertinent hence;savour;2025-05-01T14:52:56
9;whose;mmm too;2025-04-30T22:36:13
10;bah yum because;off definitive;2025-05-01T15:44:03
