id;phone;password_hash;email;role;date_inscription
1;(919) 297-9068 x500;commodity;Riley.Hilpert87@yahoo.com;TRANSPORTEUR;2025-04-30T21:54:26
2;1-517-545-5324 x19499;mean govern;Christina.Abbott15@yahoo.com;CONSOMMATEUR;2025-05-01T14:18:13
3;929.692.0415;devoted worth;Margie7@gmail.com;ADMIN;2025-05-01T15:31:15
4;(777) 591-4810 x4206;jaywalk;Lance93@gmail.com;AGRICULTEUR;2025-04-30T22:40:19
5;(537) 470-5771 x483;recklessly;Pattie.Krajcik-Johns@hotmail.com;ENTREPRISE;2025-04-30T17:17:42
6;1-363-469-1430;optimal cinema;Layne_Huel@hotmail.com;ADMIN;2025-04-30T23:37:30
7;(642) 442-1987;afterwards;Tia87@hotmail.com;ORGANISATION;2025-05-01T10:47:59
8;839-460-4402 x3587;portly;Diego.Funk@yahoo.com;ADMIN;2025-05-01T04:17:55
9;576-475-0010 x091;technologist judgementally vanish;Samantha_Turcotte@gmail.com;COMMERCANT;2025-04-30T23:50:42
10;1-992-515-8096 x220;colossal;Horacio44@gmail.com;AGRICULTEUR;2025-05-01T13:52:56
